alpha,validation_uar,validation_war
0.1,0.7782250955875244,0.7984409799554566
0.5,0.7777004778902312,0.8062360801781737
