alpha,validation_uar,validation_war
2.0,0.7778800895499188,0.8073496659242761
5.0,0.7581232808936793,0.7928730512249443
