run,seed,uar,war
1,42,0.7128673034745141,0.7472160356347439
2,43,0.7064600484904091,0.7383073496659243
3,44,0.7201820949449033,0.7416481069042317
